GDP_Type,Guardium_Version,DataSource,DataSource_Version,VA_supported,Classification_supported,Notes,Download_URL,Readme_URL
GDP,GDP 11.5,Azure Cosmos DB for Cassandra,latest,,,,,
GDP,GDP 11.5,Azure Cosmos DB for Gremlin,latest,,,,,
GDP,GDP 11.5,Azure Cosmos DB for NoSQL,latest,,,,,
GDP,GDP 11.5,Azure Cosmos DB for Table,latest,,,,,
GDP,GDP 11.5,Azure Cosmos DB for MongoDB,latest,,,,,
GDP,GDP 11.5,Azure SQL,latest,,,,,
GDP,GDP 11.5,MongoDB,14.0+,,,,,
GDP,GDP 12.0,Azure Cosmos DB for Cassandra,latest,,,,,
GDP,GDP 12.0,Azure Cosmos DB for Gremlin,latest,,,,,
GDP,GDP 12.0,Azure Cosmos DB for NoSQL,latest,,,,,
GDP,GDP 12.0,Azure Cosmos DB for Table,latest,,,,,
GDP,GDP 12.0,Azure Cosmos DB for MongoDB,latest,,,,,
GDP,GDP 12.0,Azure SQL,latest,,,,,
GDP,GDP 12.0,MongoDB,14.0+,,,,,
GDP,GDP 12.1,Azure Cosmos DB for Cassandra,latest,,,,,
GDP,GDP 12.1,Azure Cosmos DB for Gremlin,latest,,,,,
GDP,GDP 12.1,Azure Cosmos DB for NoSQL,latest,,,,,
GDP,GDP 12.1,Azure Cosmos DB for Table,latest,,,,,
GDP,GDP 12.1,Azure Cosmos DB for MongoDB,latest,,,,,
GDP,GDP 12.1,Azure SQL,latest,,,,,
GDP,GDP 12.1,MongoDB,14.0+,,,,,
GDP,GDP 12.2,Azure Cosmos DB for Cassandra,latest,,,,,
GDP,GDP 12.2,Azure Cosmos DB for Gremlin,latest,,,,,
GDP,GDP 12.2,Azure Cosmos DB for NoSQL,latest,,,,,
GDP,GDP 12.2,Azure Cosmos DB for Table,latest,,,,,
GDP,GDP 12.2,Azure Cosmos DB for MongoDB,latest,,,,,
GDP,GDP 12.2,Azure SQL,latest,,,,,
GDP,GDP 12.2,MongoDB,14.0+,,,,,
GDSC,GDSC 3.2.0,Azure Cosmos DB for Cassandra,latest,,,,,
GDSC,GDSC 3.2.0,Azure Cosmos DB for Gremlin,latest,,,,,
GDSC,GDSC 3.2.0,Azure Cosmos DB for NoSQL,latest,,,,,
GDSC,GDSC 3.2.0,Azure Cosmos DB for Table,latest,,,,,
GDSC,GDSC 3.2.0,Azure Cosmos DB for MongoDB,latest,,,,,
GDSC,GDSC 3.2.0,Azure SQL,latest,,,,,
GDSC,GDSC 3.2.0,MongoDB,14.0+,,,,,
GDSC,GDSC 3.3.0,Azure Cosmos DB for Cassandra,latest,,,,,
GDSC,GDSC 3.3.0,Azure Cosmos DB for Gremlin,latest,,,,,
GDSC,GDSC 3.3.0,Azure Cosmos DB for NoSQL,latest,,,,,
GDSC,GDSC 3.3.0,Azure Cosmos DB for Table,latest,,,,,
GDSC,GDSC 3.3.0,Azure Cosmos DB for MongoDB,latest,,,,,
GDSC,GDSC 3.3.0,Azure SQL,latest,,,,,
GDSC,GDSC 3.3.0,MongoDB,14.0+,,,,,
GDSC,GDSC 3.4.0,Azure Cosmos DB for Cassandra,latest,,,,,
GDSC,GDSC 3.4.0,Azure Cosmos DB for Gremlin,latest,,,,,
GDSC,GDSC 3.4.0,Azure Cosmos DB for NoSQL,latest,,,,,
GDSC,GDSC 3.4.0,Azure Cosmos DB for Table,latest,,,,,
GDSC,GDSC 3.4.0,Azure Cosmos DB for MongoDB,latest,,,,,
GDSC,GDSC 3.4.0,Azure SQL,latest,,,,,
GDSC,GDSC 3.4.0,MongoDB,14.0+,,,,,
GDSC,GDSC 3.5.0,Azure Cosmos DB for Cassandra,latest,,,,,
GDSC,GDSC 3.5.0,Azure Cosmos DB for Gremlin,latest,,,,,
GDSC,GDSC 3.5.0,Azure Cosmos DB for NoSQL,latest,,,,,
GDSC,GDSC 3.5.0,Azure Cosmos DB for Table,latest,,,,,
GDSC,GDSC 3.5.0,Azure Cosmos DB for MongoDB,latest,,,,,
GDSC,GDSC 3.5.0,Azure SQL,latest,,,,,
GDSC,GDSC 3.5.0,MongoDB,14.0+,,,,,
GDSC,GDSC 3.6.0,Azure Cosmos DB for Cassandra,latest,,,,,
GDSC,GDSC 3.6.0,Azure Cosmos DB for Gremlin,latest,,,,,
GDSC,GDSC 3.6.0,Azure Cosmos DB for NoSQL,latest,,,,,
GDSC,GDSC 3.6.0,Azure Cosmos DB for Table,latest,,,,,
GDSC,GDSC 3.6.0,Azure Cosmos DB for MongoDB,latest,,,,,
GDSC,GDSC 3.6.0,Azure SQL,latest,,,,,
GDSC,GDSC 3.6.0,MongoDB,14.0+,,,,,
